{"cameraMode":{"drawMode":0,"name":"Shaded","section":"Shading Mode"},"sceneLighting":true,"audioPlay":false,"sceneViewState":{"showFog":true,"showMaterialUpdate":false,"showSkybox":true,"showFlares":true,"showImageEffects":true,"showParticleSystems":true},"in2DMode":false,"pivot":{"x":-1.2747405767440797,"y":-0.2575135827064514,"z":0.022088682278990747},"rotation":{"x":-0.43981701135635378,"y":-0.054920341819524768,"z":0.026962000876665117,"w":-0.8960132598876953},"size":3.79874587059021,"orthographic":false}