{"cameraMode":{"drawMode":0,"name":"Shaded","section":"Shading Mode"},"sceneLighting":true,"audioPlay":false,"sceneViewState":{"showFog":true,"showMaterialUpdate":false,"showSkybox":true,"showFlares":true,"showImageEffects":true,"showParticleSystems":true},"in2DMode":false,"pivot":{"x":6.337127208709717,"y":5.16361665725708,"z":2.058326005935669},"rotation":{"x":-0.22534355521202088,"y":0.6110587120056152,"z":-0.18720167875289918,"w":-0.7354214787483215},"size":0.18531876802444459,"orthographic":false}