{"cameraMode":{"drawMode":0,"name":"Shaded","section":"Shading Mode"},"sceneLighting":true,"audioPlay":false,"sceneViewState":{"showFog":true,"showMaterialUpdate":false,"showSkybox":true,"showFlares":true,"showImageEffects":true,"showParticleSystems":true},"in2DMode":false,"pivot":{"x":9.917684555053711,"y":-13.603011131286621,"z":-5.939016819000244},"rotation":{"x":-0.1529521942138672,"y":-0.8418381214141846,"z":0.31142109632492068,"w":-0.4135212004184723},"size":19.073314666748048,"orthographic":false}