{"cameraMode":{"drawMode":0,"name":"Shaded","section":"Shading Mode"},"sceneLighting":true,"audioPlay":false,"sceneViewState":{"showFog":true,"showMaterialUpdate":false,"showSkybox":true,"showFlares":true,"showImageEffects":true,"showParticleSystems":true},"in2DMode":false,"pivot":{"x":-0.7436337471008301,"y":0.917508602142334,"z":4.712445259094238},"rotation":{"x":-0.13177676498889924,"y":-0.8679914474487305,"z":0.3495246469974518,"w":-0.3273029327392578},"size":4.766025543212891,"orthographic":false}