{"cameraMode":{"drawMode":0,"name":"Shaded","section":"Shading Mode"},"sceneLighting":true,"audioPlay":false,"sceneViewState":{"showFog":true,"showMaterialUpdate":false,"showSkybox":true,"showFlares":true,"showImageEffects":true,"showParticleSystems":true},"in2DMode":false,"pivot":{"x":-0.5326329469680786,"y":-2.440101385116577,"z":-10.413954734802246},"rotation":{"x":-0.12862460315227509,"y":0.07076776027679444,"z":-0.009181875735521317,"w":-0.9891471862792969},"size":7.639937400817871,"orthographic":false}