{"cameraMode":{"drawMode":0,"name":"Shaded","section":"Shading Mode"},"sceneLighting":true,"audioPlay":false,"sceneViewState":{"showFog":true,"showMaterialUpdate":false,"showSkybox":true,"showFlares":true,"showImageEffects":true,"showParticleSystems":true},"in2DMode":false,"pivot":{"x":15.22327995300293,"y":-14.407742500305176,"z":17.77643394470215},"rotation":{"x":-0.28404366970062258,"y":-0.3628707230091095,"z":0.11717703193426132,"w":-0.8797501921653748},"size":16.3369083404541,"orthographic":false}