{"cameraMode":{"drawMode":0,"name":"Shaded","section":"Shading Mode"},"sceneLighting":true,"audioPlay":false,"sceneViewState":{"showFog":true,"showMaterialUpdate":false,"showSkybox":true,"showFlares":true,"showImageEffects":true,"showParticleSystems":true},"in2DMode":false,"pivot":{"x":1.5927454233169556,"y":8.734031677246094,"z":-10.952856063842774},"rotation":{"x":-0.40685561299324038,"y":-0.10188174247741699,"z":0.04572170972824097,"w":-0.9066544771194458},"size":5.305243492126465,"orthographic":false}