{"cameraMode":{"drawMode":0,"name":"Shaded","section":"Shading Mode"},"sceneLighting":false,"audioPlay":false,"sceneViewState":{"showFog":true,"showMaterialUpdate":false,"showSkybox":false,"showFlares":true,"showImageEffects":true,"showParticleSystems":true},"in2DMode":false,"pivot":{"x":-2.8828368186950685,"y":0.0782725065946579,"z":-0.5315887928009033},"rotation":{"x":-0.06889624893665314,"y":0.7054134607315064,"z":-0.06920764595270157,"w":-0.7020540833473206},"size":2.9959962368011476,"orthographic":false}