{"cameraMode":{"drawMode":0,"name":"Shaded","section":"Shading Mode"},"sceneLighting":true,"audioPlay":false,"sceneViewState":{"showFog":true,"showMaterialUpdate":false,"showSkybox":true,"showFlares":true,"showImageEffects":true,"showParticleSystems":true},"in2DMode":false,"pivot":{"x":0.12165625393390656,"y":0.5725566148757935,"z":3.8977184295654299},"rotation":{"x":-0.1259799599647522,"y":0.8657901287078857,"z":-0.27238965034484866,"w":-0.4004270136356354},"size":3.2557291984558107,"orthographic":false}