{"cameraMode":{"drawMode":0,"name":"Shaded","section":"Shading Mode"},"sceneLighting":true,"audioPlay":false,"sceneViewState":{"showFog":true,"showMaterialUpdate":false,"showSkybox":true,"showFlares":true,"showImageEffects":true,"showParticleSystems":true},"in2DMode":false,"pivot":{"x":7.221661567687988,"y":0.2183416783809662,"z":-0.5395979881286621},"rotation":{"x":-0.27560529112815859,"y":0.19466453790664674,"z":-0.05709483101963997,"w":-0.9396318793296814},"size":2.5987462997436525,"orthographic":false}